{
	"partitions" : [
		{
			"name" : "Top",
			"pins" : [
				{
					"name" : "LED[0]",
					"strict" : false
				},
				{
					"name" : "LED[1]",
					"strict" : false
				},
				{
					"name" : "LED[2]",
					"strict" : false
				},
				{
					"name" : "LED[3]",
					"strict" : false
				},
				{
					"name" : "LED[4]",
					"strict" : false
				},
				{
					"name" : "users[0]",
					"strict" : false
				},
				{
					"name" : "users[1]",
					"strict" : false
				},
				{
					"name" : "users[2]",
					"strict" : false
				},
				{
					"name" : "users[3]",
					"strict" : false
				},
				{
					"name" : "clk_50",
					"strict" : false
				}
			]
		}
	]
}